--
-- PostgreSQL database dump
--

\restrict Ntc5cbOjMCSyqhBz8Vi30XktzoJcN33o2jfJKAfJyoC1zPFgw05ObhqRjtBeFBg

-- Dumped from database version 15.18 (Debian 15.18-1.pgdg13+1)
-- Dumped by pg_dump version 15.18 (Debian 15.18-1.pgdg13+1)

SET statement_timeout = 0;
SET lock_timeout = 0;
SET idle_in_transaction_session_timeout = 0;
SET client_encoding = 'UTF8';
SET standard_conforming_strings = on;
SELECT pg_catalog.set_config('search_path', '', false);
SET check_function_bodies = false;
SET xmloption = content;
SET client_min_messages = warning;
SET row_security = off;

SET default_tablespace = '';

SET default_table_access_method = heap;

--
-- Name: accounts_company; Type: TABLE; Schema: public; Owner: postgres
--

CREATE TABLE public.accounts_company (
    id bigint NOT NULL,
    name character varying(200) NOT NULL,
    description text NOT NULL,
    website character varying(200) NOT NULL,
    logo character varying(100),
    founded_year integer,
    employee_count character varying(50) NOT NULL,
    address text NOT NULL,
    created_at timestamp with time zone NOT NULL,
    employer_id bigint NOT NULL
);


ALTER TABLE public.accounts_company OWNER TO postgres;

--
-- Name: accounts_company_id_seq; Type: SEQUENCE; Schema: public; Owner: postgres
--

ALTER TABLE public.accounts_company ALTER COLUMN id ADD GENERATED BY DEFAULT AS IDENTITY (
    SEQUENCE NAME public.accounts_company_id_seq
    START WITH 1
    INCREMENT BY 1
    NO MINVALUE
    NO MAXVALUE
    CACHE 1
);


--
-- Name: accounts_user; Type: TABLE; Schema: public; Owner: postgres
--

CREATE TABLE public.accounts_user (
    id bigint NOT NULL,
    password character varying(128) NOT NULL,
    last_login timestamp with time zone,
    is_superuser boolean NOT NULL,
    username character varying(150) NOT NULL,
    first_name character varying(150) NOT NULL,
    last_name character varying(150) NOT NULL,
    email character varying(254) NOT NULL,
    is_staff boolean NOT NULL,
    is_active boolean NOT NULL,
    date_joined timestamp with time zone NOT NULL,
    role character varying(20) NOT NULL,
    company character varying(200) NOT NULL,
    avatar character varying(100),
    phone character varying(20) NOT NULL,
    bio text NOT NULL,
    location character varying(200) NOT NULL,
    website character varying(200) NOT NULL,
    created_at timestamp with time zone NOT NULL,
    updated_at timestamp with time zone NOT NULL,
    email_verification_token character varying(100),
    is_email_verified boolean NOT NULL,
    receive_email_notifications boolean NOT NULL,
    email_verification_sent_at timestamp with time zone,
    reset_password_sent_at timestamp with time zone,
    reset_password_token character varying(100)
);


ALTER TABLE public.accounts_user OWNER TO postgres;

--
-- Name: accounts_user_groups; Type: TABLE; Schema: public; Owner: postgres
--

CREATE TABLE public.accounts_user_groups (
    id bigint NOT NULL,
    user_id bigint NOT NULL,
    group_id integer NOT NULL
);


ALTER TABLE public.accounts_user_groups OWNER TO postgres;

--
-- Name: accounts_user_groups_id_seq; Type: SEQUENCE; Schema: public; Owner: postgres
--

ALTER TABLE public.accounts_user_groups ALTER COLUMN id ADD GENERATED BY DEFAULT AS IDENTITY (
    SEQUENCE NAME public.accounts_user_groups_id_seq
    START WITH 1
    INCREMENT BY 1
    NO MINVALUE
    NO MAXVALUE
    CACHE 1
);


--
-- Name: accounts_user_id_seq; Type: SEQUENCE; Schema: public; Owner: postgres
--

ALTER TABLE public.accounts_user ALTER COLUMN id ADD GENERATED BY DEFAULT AS IDENTITY (
    SEQUENCE NAME public.accounts_user_id_seq
    START WITH 1
    INCREMENT BY 1
    NO MINVALUE
    NO MAXVALUE
    CACHE 1
);


--
-- Name: accounts_user_user_permissions; Type: TABLE; Schema: public; Owner: postgres
--

CREATE TABLE public.accounts_user_user_permissions (
    id bigint NOT NULL,
    user_id bigint NOT NULL,
    permission_id integer NOT NULL
);


ALTER TABLE public.accounts_user_user_permissions OWNER TO postgres;

--
-- Name: accounts_user_user_permissions_id_seq; Type: SEQUENCE; Schema: public; Owner: postgres
--

ALTER TABLE public.accounts_user_user_permissions ALTER COLUMN id ADD GENERATED BY DEFAULT AS IDENTITY (
    SEQUENCE NAME public.accounts_user_user_permissions_id_seq
    START WITH 1
    INCREMENT BY 1
    NO MINVALUE
    NO MAXVALUE
    CACHE 1
);


--
-- Name: auth_group; Type: TABLE; Schema: public; Owner: postgres
--

CREATE TABLE public.auth_group (
    id integer NOT NULL,
    name character varying(150) NOT NULL
);


ALTER TABLE public.auth_group OWNER TO postgres;

--
-- Name: auth_group_id_seq; Type: SEQUENCE; Schema: public; Owner: postgres
--

ALTER TABLE public.auth_group ALTER COLUMN id ADD GENERATED BY DEFAULT AS IDENTITY (
    SEQUENCE NAME public.auth_group_id_seq
    START WITH 1
    INCREMENT BY 1
    NO MINVALUE
    NO MAXVALUE
    CACHE 1
);


--
-- Name: auth_group_permissions; Type: TABLE; Schema: public; Owner: postgres
--

CREATE TABLE public.auth_group_permissions (
    id bigint NOT NULL,
    group_id integer NOT NULL,
    permission_id integer NOT NULL
);


ALTER TABLE public.auth_group_permissions OWNER TO postgres;

--
-- Name: auth_group_permissions_id_seq; Type: SEQUENCE; Schema: public; Owner: postgres
--

ALTER TABLE public.auth_group_permissions ALTER COLUMN id ADD GENERATED BY DEFAULT AS IDENTITY (
    SEQUENCE NAME public.auth_group_permissions_id_seq
    START WITH 1
    INCREMENT BY 1
    NO MINVALUE
    NO MAXVALUE
    CACHE 1
);


--
-- Name: auth_permission; Type: TABLE; Schema: public; Owner: postgres
--

CREATE TABLE public.auth_permission (
    id integer NOT NULL,
    name character varying(255) NOT NULL,
    content_type_id integer NOT NULL,
    codename character varying(100) NOT NULL
);


ALTER TABLE public.auth_permission OWNER TO postgres;

--
-- Name: auth_permission_id_seq; Type: SEQUENCE; Schema: public; Owner: postgres
--

ALTER TABLE public.auth_permission ALTER COLUMN id ADD GENERATED BY DEFAULT AS IDENTITY (
    SEQUENCE NAME public.auth_permission_id_seq
    START WITH 1
    INCREMENT BY 1
    NO MINVALUE
    NO MAXVALUE
    CACHE 1
);


--
-- Name: django_admin_log; Type: TABLE; Schema: public; Owner: postgres
--

CREATE TABLE public.django_admin_log (
    id integer NOT NULL,
    action_time timestamp with time zone NOT NULL,
    object_id text,
    object_repr character varying(200) NOT NULL,
    action_flag smallint NOT NULL,
    change_message text NOT NULL,
    content_type_id integer,
    user_id bigint NOT NULL,
    CONSTRAINT django_admin_log_action_flag_check CHECK ((action_flag >= 0))
);


ALTER TABLE public.django_admin_log OWNER TO postgres;

--
-- Name: django_admin_log_id_seq; Type: SEQUENCE; Schema: public; Owner: postgres
--

ALTER TABLE public.django_admin_log ALTER COLUMN id ADD GENERATED BY DEFAULT AS IDENTITY (
    SEQUENCE NAME public.django_admin_log_id_seq
    START WITH 1
    INCREMENT BY 1
    NO MINVALUE
    NO MAXVALUE
    CACHE 1
);


--
-- Name: django_content_type; Type: TABLE; Schema: public; Owner: postgres
--

CREATE TABLE public.django_content_type (
    id integer NOT NULL,
    app_label character varying(100) NOT NULL,
    model character varying(100) NOT NULL
);


ALTER TABLE public.django_content_type OWNER TO postgres;

--
-- Name: django_content_type_id_seq; Type: SEQUENCE; Schema: public; Owner: postgres
--

ALTER TABLE public.django_content_type ALTER COLUMN id ADD GENERATED BY DEFAULT AS IDENTITY (
    SEQUENCE NAME public.django_content_type_id_seq
    START WITH 1
    INCREMENT BY 1
    NO MINVALUE
    NO MAXVALUE
    CACHE 1
);


--
-- Name: django_migrations; Type: TABLE; Schema: public; Owner: postgres
--

CREATE TABLE public.django_migrations (
    id bigint NOT NULL,
    app character varying(255) NOT NULL,
    name character varying(255) NOT NULL,
    applied timestamp with time zone NOT NULL
);


ALTER TABLE public.django_migrations OWNER TO postgres;

--
-- Name: django_migrations_id_seq; Type: SEQUENCE; Schema: public; Owner: postgres
--

ALTER TABLE public.django_migrations ALTER COLUMN id ADD GENERATED BY DEFAULT AS IDENTITY (
    SEQUENCE NAME public.django_migrations_id_seq
    START WITH 1
    INCREMENT BY 1
    NO MINVALUE
    NO MAXVALUE
    CACHE 1
);


--
-- Name: django_session; Type: TABLE; Schema: public; Owner: postgres
--

CREATE TABLE public.django_session (
    session_key character varying(40) NOT NULL,
    session_data text NOT NULL,
    expire_date timestamp with time zone NOT NULL
);


ALTER TABLE public.django_session OWNER TO postgres;

--
-- Name: jobs_application; Type: TABLE; Schema: public; Owner: postgres
--

CREATE TABLE public.jobs_application (
    id bigint NOT NULL,
    resume character varying(100) NOT NULL,
    cover_letter text NOT NULL,
    status character varying(20) NOT NULL,
    employer_notes text NOT NULL,
    applied_at timestamp with time zone NOT NULL,
    updated_at timestamp with time zone NOT NULL,
    parsed_email character varying(254),
    parsed_phone character varying(20),
    extracted_skills jsonb NOT NULL,
    candidate_id bigint NOT NULL,
    job_id bigint NOT NULL
);


ALTER TABLE public.jobs_application OWNER TO postgres;

--
-- Name: jobs_application_id_seq; Type: SEQUENCE; Schema: public; Owner: postgres
--

ALTER TABLE public.jobs_application ALTER COLUMN id ADD GENERATED BY DEFAULT AS IDENTITY (
    SEQUENCE NAME public.jobs_application_id_seq
    START WITH 1
    INCREMENT BY 1
    NO MINVALUE
    NO MAXVALUE
    CACHE 1
);


--
-- Name: jobs_job; Type: TABLE; Schema: public; Owner: postgres
--

CREATE TABLE public.jobs_job (
    id bigint NOT NULL,
    title character varying(200) NOT NULL,
    description text NOT NULL,
    requirements text NOT NULL,
    responsibilities text NOT NULL,
    benefits text NOT NULL,
    salary_min numeric(10,2),
    salary_max numeric(10,2),
    location character varying(200) NOT NULL,
    is_remote boolean NOT NULL,
    employment_type character varying(20) NOT NULL,
    experience_level character varying(50) NOT NULL,
    skills_required jsonb NOT NULL,
    expires_at timestamp with time zone NOT NULL,
    is_active boolean NOT NULL,
    views_count integer NOT NULL,
    applications_count integer NOT NULL,
    created_at timestamp with time zone NOT NULL,
    updated_at timestamp with time zone NOT NULL,
    employer_id bigint NOT NULL,
    deleted_at timestamp with time zone,
    is_deleted boolean NOT NULL
);


ALTER TABLE public.jobs_job OWNER TO postgres;

--
-- Name: jobs_job_id_seq; Type: SEQUENCE; Schema: public; Owner: postgres
--

ALTER TABLE public.jobs_job ALTER COLUMN id ADD GENERATED BY DEFAULT AS IDENTITY (
    SEQUENCE NAME public.jobs_job_id_seq
    START WITH 1
    INCREMENT BY 1
    NO MINVALUE
    NO MAXVALUE
    CACHE 1
);


--
-- Name: jobs_jobalert; Type: TABLE; Schema: public; Owner: postgres
--

CREATE TABLE public.jobs_jobalert (
    id bigint NOT NULL,
    search_keyword character varying(200) NOT NULL,
    location character varying(200) NOT NULL,
    is_remote boolean NOT NULL,
    employment_type character varying(20) NOT NULL,
    salary_min numeric(10,2),
    frequency character varying(20) NOT NULL,
    is_active boolean NOT NULL,
    created_at timestamp with time zone NOT NULL,
    last_sent_at timestamp with time zone,
    candidate_id bigint NOT NULL
);


ALTER TABLE public.jobs_jobalert OWNER TO postgres;

--
-- Name: jobs_jobalert_id_seq; Type: SEQUENCE; Schema: public; Owner: postgres
--

ALTER TABLE public.jobs_jobalert ALTER COLUMN id ADD GENERATED BY DEFAULT AS IDENTITY (
    SEQUENCE NAME public.jobs_jobalert_id_seq
    START WITH 1
    INCREMENT BY 1
    NO MINVALUE
    NO MAXVALUE
    CACHE 1
);


--
-- Name: jobs_savedjob; Type: TABLE; Schema: public; Owner: postgres
--

CREATE TABLE public.jobs_savedjob (
    id bigint NOT NULL,
    saved_at timestamp with time zone NOT NULL,
    candidate_id bigint NOT NULL,
    job_id bigint NOT NULL
);


ALTER TABLE public.jobs_savedjob OWNER TO postgres;

--
-- Name: jobs_savedjob_id_seq; Type: SEQUENCE; Schema: public; Owner: postgres
--

ALTER TABLE public.jobs_savedjob ALTER COLUMN id ADD GENERATED BY DEFAULT AS IDENTITY (
    SEQUENCE NAME public.jobs_savedjob_id_seq
    START WITH 1
    INCREMENT BY 1
    NO MINVALUE
    NO MAXVALUE
    CACHE 1
);


--
-- Name: jobs_statushistory; Type: TABLE; Schema: public; Owner: postgres
--

CREATE TABLE public.jobs_statushistory (
    id bigint NOT NULL,
    status character varying(20) NOT NULL,
    changed_at timestamp with time zone NOT NULL,
    notes text NOT NULL,
    application_id bigint NOT NULL,
    changed_by_id bigint
);


ALTER TABLE public.jobs_statushistory OWNER TO postgres;

--
-- Name: jobs_statushistory_id_seq; Type: SEQUENCE; Schema: public; Owner: postgres
--

ALTER TABLE public.jobs_statushistory ALTER COLUMN id ADD GENERATED BY DEFAULT AS IDENTITY (
    SEQUENCE NAME public.jobs_statushistory_id_seq
    START WITH 1
    INCREMENT BY 1
    NO MINVALUE
    NO MAXVALUE
    CACHE 1
);


--
-- Name: reviews_companyreview; Type: TABLE; Schema: public; Owner: postgres
--

CREATE TABLE public.reviews_companyreview (
    id bigint NOT NULL,
    rating integer NOT NULL,
    comment text NOT NULL,
    is_verified boolean NOT NULL,
    created_at timestamp with time zone NOT NULL,
    company_id bigint NOT NULL,
    reviewer_id bigint NOT NULL
);


ALTER TABLE public.reviews_companyreview OWNER TO postgres;

--
-- Name: reviews_companyreview_id_seq; Type: SEQUENCE; Schema: public; Owner: postgres
--

ALTER TABLE public.reviews_companyreview ALTER COLUMN id ADD GENERATED BY DEFAULT AS IDENTITY (
    SEQUENCE NAME public.reviews_companyreview_id_seq
    START WITH 1
    INCREMENT BY 1
    NO MINVALUE
    NO MAXVALUE
    CACHE 1
);


--
-- Data for Name: accounts_company; Type: TABLE DATA; Schema: public; Owner: postgres
--

COPY public.accounts_company (id, name, description, website, logo, founded_year, employee_count, address, created_at, employer_id) FROM stdin;
\.


--
-- Data for Name: accounts_user; Type: TABLE DATA; Schema: public; Owner: postgres
--

COPY public.accounts_user (id, password, last_login, is_superuser, username, first_name, last_name, email, is_staff, is_active, date_joined, role, company, avatar, phone, bio, location, website, created_at, updated_at, email_verification_token, is_email_verified, receive_email_notifications, email_verification_sent_at, reset_password_sent_at, reset_password_token) FROM stdin;
\.


--
-- Data for Name: accounts_user_groups; Type: TABLE DATA; Schema: public; Owner: postgres
--

COPY public.accounts_user_groups (id, user_id, group_id) FROM stdin;
\.


--
-- Data for Name: accounts_user_user_permissions; Type: TABLE DATA; Schema: public; Owner: postgres
--

COPY public.accounts_user_user_permissions (id, user_id, permission_id) FROM stdin;
\.


--
-- Data for Name: auth_group; Type: TABLE DATA; Schema: public; Owner: postgres
--

COPY public.auth_group (id, name) FROM stdin;
\.


--
-- Data for Name: auth_group_permissions; Type: TABLE DATA; Schema: public; Owner: postgres
--

COPY public.auth_group_permissions (id, group_id, permission_id) FROM stdin;
\.


--
-- Data for Name: auth_permission; Type: TABLE DATA; Schema: public; Owner: postgres
--

COPY public.auth_permission (id, name, content_type_id, codename) FROM stdin;
1	Can add log entry	1	add_logentry
2	Can change log entry	1	change_logentry
3	Can delete log entry	1	delete_logentry
4	Can view log entry	1	view_logentry
5	Can add permission	2	add_permission
6	Can change permission	2	change_permission
7	Can delete permission	2	delete_permission
8	Can view permission	2	view_permission
9	Can add group	3	add_group
10	Can change group	3	change_group
11	Can delete group	3	delete_group
12	Can view group	3	view_group
13	Can add content type	4	add_contenttype
14	Can change content type	4	change_contenttype
15	Can delete content type	4	delete_contenttype
16	Can view content type	4	view_contenttype
17	Can add session	5	add_session
18	Can change session	5	change_session
19	Can delete session	5	delete_session
20	Can view session	5	view_session
21	Can add user	6	add_user
22	Can change user	6	change_user
23	Can delete user	6	delete_user
24	Can view user	6	view_user
25	Can add company	7	add_company
26	Can change company	7	change_company
27	Can delete company	7	delete_company
28	Can view company	7	view_company
29	Can add job	8	add_job
30	Can change job	8	change_job
31	Can delete job	8	delete_job
32	Can view job	8	view_job
33	Can add application	9	add_application
34	Can change application	9	change_application
35	Can delete application	9	delete_application
36	Can view application	9	view_application
37	Can add job alert	10	add_jobalert
38	Can change job alert	10	change_jobalert
39	Can delete job alert	10	delete_jobalert
40	Can view job alert	10	view_jobalert
41	Can add saved job	11	add_savedjob
42	Can change saved job	11	change_savedjob
43	Can delete saved job	11	delete_savedjob
44	Can view saved job	11	view_savedjob
45	Can add status history	12	add_statushistory
46	Can change status history	12	change_statushistory
47	Can delete status history	12	delete_statushistory
48	Can view status history	12	view_statushistory
49	Can add company review	13	add_companyreview
50	Can change company review	13	change_companyreview
51	Can delete company review	13	delete_companyreview
52	Can view company review	13	view_companyreview
\.


--
-- Data for Name: django_admin_log; Type: TABLE DATA; Schema: public; Owner: postgres
--

COPY public.django_admin_log (id, action_time, object_id, object_repr, action_flag, change_message, content_type_id, user_id) FROM stdin;
\.


--
-- Data for Name: django_content_type; Type: TABLE DATA; Schema: public; Owner: postgres
--

COPY public.django_content_type (id, app_label, model) FROM stdin;
1	admin	logentry
2	auth	permission
3	auth	group
4	contenttypes	contenttype
5	sessions	session
6	accounts	user
7	accounts	company
8	jobs	job
9	jobs	application
10	jobs	jobalert
11	jobs	savedjob
12	jobs	statushistory
13	reviews	companyreview
\.


--
-- Data for Name: django_migrations; Type: TABLE DATA; Schema: public; Owner: postgres
--

COPY public.django_migrations (id, app, name, applied) FROM stdin;
1	contenttypes	0001_initial	2026-06-08 23:24:58.370618+00
2	contenttypes	0002_remove_content_type_name	2026-06-08 23:24:58.395862+00
3	auth	0001_initial	2026-06-08 23:24:58.505233+00
4	auth	0002_alter_permission_name_max_length	2026-06-08 23:24:58.513767+00
5	auth	0003_alter_user_email_max_length	2026-06-08 23:24:58.520475+00
6	auth	0004_alter_user_username_opts	2026-06-08 23:24:58.529191+00
7	auth	0005_alter_user_last_login_null	2026-06-08 23:24:58.537148+00
8	auth	0006_require_contenttypes_0002	2026-06-08 23:24:58.540944+00
9	auth	0007_alter_validators_add_error_messages	2026-06-08 23:24:58.548547+00
10	auth	0008_alter_user_username_max_length	2026-06-08 23:24:58.557247+00
11	auth	0009_alter_user_last_name_max_length	2026-06-08 23:24:58.565407+00
12	auth	0010_alter_group_name_max_length	2026-06-08 23:24:58.573547+00
13	auth	0011_update_proxy_permissions	2026-06-08 23:24:58.579584+00
14	auth	0012_alter_user_first_name_max_length	2026-06-08 23:24:58.585637+00
15	accounts	0001_initial	2026-06-08 23:24:58.670131+00
16	accounts	0002_company	2026-06-08 23:24:58.699394+00
17	accounts	0003_user_email_verification_token_user_is_email_verified_and_more	2026-06-08 23:24:58.730092+00
18	accounts	0004_user_email_verification_sent_at	2026-06-08 23:24:58.743729+00
19	accounts	0005_user_reset_password_sent_at_and_more	2026-06-08 23:24:58.760843+00
20	admin	0001_initial	2026-06-08 23:24:58.801235+00
21	admin	0002_logentry_remove_auto_add	2026-06-08 23:24:58.812112+00
22	admin	0003_logentry_add_action_flag_choices	2026-06-08 23:24:58.824679+00
23	jobs	0001_initial	2026-06-08 23:24:59.058493+00
24	jobs	0002_statushistory_alter_application_parsed_phone_and_more	2026-06-08 23:24:59.21264+00
25	jobs	0003_alter_statushistory_application	2026-06-08 23:24:59.23469+00
26	jobs	0004_alter_statushistory_options_job_deleted_at_and_more	2026-06-08 23:24:59.457488+00
27	jobs	0005_alter_savedjob_options	2026-06-08 23:24:59.486311+00
28	reviews	0001_initial	2026-06-08 23:24:59.544156+00
29	reviews	0002_alter_companyreview_is_verified	2026-06-08 23:24:59.559817+00
30	sessions	0001_initial	2026-06-08 23:24:59.589213+00
\.


--
-- Data for Name: django_session; Type: TABLE DATA; Schema: public; Owner: postgres
--

COPY public.django_session (session_key, session_data, expire_date) FROM stdin;
\.


--
-- Data for Name: jobs_application; Type: TABLE DATA; Schema: public; Owner: postgres
--

COPY public.jobs_application (id, resume, cover_letter, status, employer_notes, applied_at, updated_at, parsed_email, parsed_phone, extracted_skills, candidate_id, job_id) FROM stdin;
\.


--
-- Data for Name: jobs_job; Type: TABLE DATA; Schema: public; Owner: postgres
--

COPY public.jobs_job (id, title, description, requirements, responsibilities, benefits, salary_min, salary_max, location, is_remote, employment_type, experience_level, skills_required, expires_at, is_active, views_count, applications_count, created_at, updated_at, employer_id, deleted_at, is_deleted) FROM stdin;
\.


--
-- Data for Name: jobs_jobalert; Type: TABLE DATA; Schema: public; Owner: postgres
--

COPY public.jobs_jobalert (id, search_keyword, location, is_remote, employment_type, salary_min, frequency, is_active, created_at, last_sent_at, candidate_id) FROM stdin;
\.


--
-- Data for Name: jobs_savedjob; Type: TABLE DATA; Schema: public; Owner: postgres
--

COPY public.jobs_savedjob (id, saved_at, candidate_id, job_id) FROM stdin;
\.


--
-- Data for Name: jobs_statushistory; Type: TABLE DATA; Schema: public; Owner: postgres
--

COPY public.jobs_statushistory (id, status, changed_at, notes, application_id, changed_by_id) FROM stdin;
\.


--
-- Data for Name: reviews_companyreview; Type: TABLE DATA; Schema: public; Owner: postgres
--

COPY public.reviews_companyreview (id, rating, comment, is_verified, created_at, company_id, reviewer_id) FROM stdin;
\.


--
-- Name: accounts_company_id_seq; Type: SEQUENCE SET; Schema: public; Owner: postgres
--

SELECT pg_catalog.setval('public.accounts_company_id_seq', 1, false);


--
-- Name: accounts_user_groups_id_seq; Type: SEQUENCE SET; Schema: public; Owner: postgres
--

SELECT pg_catalog.setval('public.accounts_user_groups_id_seq', 1, false);


--
-- Name: accounts_user_id_seq; Type: SEQUENCE SET; Schema: public; Owner: postgres
--

SELECT pg_catalog.setval('public.accounts_user_id_seq', 1, false);


--
-- Name: accounts_user_user_permissions_id_seq; Type: SEQUENCE SET; Schema: public; Owner: postgres
--

SELECT pg_catalog.setval('public.accounts_user_user_permissions_id_seq', 1, false);


--
-- Name: auth_group_id_seq; Type: SEQUENCE SET; Schema: public; Owner: postgres
--

SELECT pg_catalog.setval('public.auth_group_id_seq', 1, false);


--
-- Name: auth_group_permissions_id_seq; Type: SEQUENCE SET; Schema: public; Owner: postgres
--

SELECT pg_catalog.setval('public.auth_group_permissions_id_seq', 1, false);


--
-- Name: auth_permission_id_seq; Type: SEQUENCE SET; Schema: public; Owner: postgres
--

SELECT pg_catalog.setval('public.auth_permission_id_seq', 52, true);


--
-- Name: django_admin_log_id_seq; Type: SEQUENCE SET; Schema: public; Owner: postgres
--

SELECT pg_catalog.setval('public.django_admin_log_id_seq', 1, false);


--
-- Name: django_content_type_id_seq; Type: SEQUENCE SET; Schema: public; Owner: postgres
--

SELECT pg_catalog.setval('public.django_content_type_id_seq', 13, true);


--
-- Name: django_migrations_id_seq; Type: SEQUENCE SET; Schema: public; Owner: postgres
--

SELECT pg_catalog.setval('public.django_migrations_id_seq', 30, true);


--
-- Name: jobs_application_id_seq; Type: SEQUENCE SET; Schema: public; Owner: postgres
--

SELECT pg_catalog.setval('public.jobs_application_id_seq', 1, false);


--
-- Name: jobs_job_id_seq; Type: SEQUENCE SET; Schema: public; Owner: postgres
--

SELECT pg_catalog.setval('public.jobs_job_id_seq', 1, false);


--
-- Name: jobs_jobalert_id_seq; Type: SEQUENCE SET; Schema: public; Owner: postgres
--

SELECT pg_catalog.setval('public.jobs_jobalert_id_seq', 1, false);


--
-- Name: jobs_savedjob_id_seq; Type: SEQUENCE SET; Schema: public; Owner: postgres
--

SELECT pg_catalog.setval('public.jobs_savedjob_id_seq', 1, false);


--
-- Name: jobs_statushistory_id_seq; Type: SEQUENCE SET; Schema: public; Owner: postgres
--

SELECT pg_catalog.setval('public.jobs_statushistory_id_seq', 1, false);


--
-- Name: reviews_companyreview_id_seq; Type: SEQUENCE SET; Schema: public; Owner: postgres
--

SELECT pg_catalog.setval('public.reviews_companyreview_id_seq', 1, false);


--
-- Name: accounts_company accounts_company_employer_id_key; Type: CONSTRAINT; Schema: public; Owner: postgres
--

ALTER TABLE ONLY public.accounts_company
    ADD CONSTRAINT accounts_company_employer_id_key UNIQUE (employer_id);


--
-- Name: accounts_company accounts_company_pkey; Type: CONSTRAINT; Schema: public; Owner: postgres
--

ALTER TABLE ONLY public.accounts_company
    ADD CONSTRAINT accounts_company_pkey PRIMARY KEY (id);


--
-- Name: accounts_user_groups accounts_user_groups_pkey; Type: CONSTRAINT; Schema: public; Owner: postgres
--

ALTER TABLE ONLY public.accounts_user_groups
    ADD CONSTRAINT accounts_user_groups_pkey PRIMARY KEY (id);


--
-- Name: accounts_user_groups accounts_user_groups_user_id_group_id_59c0b32f_uniq; Type: CONSTRAINT; Schema: public; Owner: postgres
--

ALTER TABLE ONLY public.accounts_user_groups
    ADD CONSTRAINT accounts_user_groups_user_id_group_id_59c0b32f_uniq UNIQUE (user_id, group_id);


--
-- Name: accounts_user accounts_user_pkey; Type: CONSTRAINT; Schema: public; Owner: postgres
--

ALTER TABLE ONLY public.accounts_user
    ADD CONSTRAINT accounts_user_pkey PRIMARY KEY (id);


--
-- Name: accounts_user_user_permissions accounts_user_user_permi_user_id_permission_id_2ab516c2_uniq; Type: CONSTRAINT; Schema: public; Owner: postgres
--

ALTER TABLE ONLY public.accounts_user_user_permissions
    ADD CONSTRAINT accounts_user_user_permi_user_id_permission_id_2ab516c2_uniq UNIQUE (user_id, permission_id);


--
-- Name: accounts_user_user_permissions accounts_user_user_permissions_pkey; Type: CONSTRAINT; Schema: public; Owner: postgres
--

ALTER TABLE ONLY public.accounts_user_user_permissions
    ADD CONSTRAINT accounts_user_user_permissions_pkey PRIMARY KEY (id);


--
-- Name: accounts_user accounts_user_username_key; Type: CONSTRAINT; Schema: public; Owner: postgres
--

ALTER TABLE ONLY public.accounts_user
    ADD CONSTRAINT accounts_user_username_key UNIQUE (username);


--
-- Name: auth_group auth_group_name_key; Type: CONSTRAINT; Schema: public; Owner: postgres
--

ALTER TABLE ONLY public.auth_group
    ADD CONSTRAINT auth_group_name_key UNIQUE (name);


--
-- Name: auth_group_permissions auth_group_permissions_group_id_permission_id_0cd325b0_uniq; Type: CONSTRAINT; Schema: public; Owner: postgres
--

ALTER TABLE ONLY public.auth_group_permissions
    ADD CONSTRAINT auth_group_permissions_group_id_permission_id_0cd325b0_uniq UNIQUE (group_id, permission_id);


--
-- Name: auth_group_permissions auth_group_permissions_pkey; Type: CONSTRAINT; Schema: public; Owner: postgres
--

ALTER TABLE ONLY public.auth_group_permissions
    ADD CONSTRAINT auth_group_permissions_pkey PRIMARY KEY (id);


--
-- Name: auth_group auth_group_pkey; Type: CONSTRAINT; Schema: public; Owner: postgres
--

ALTER TABLE ONLY public.auth_group
    ADD CONSTRAINT auth_group_pkey PRIMARY KEY (id);


--
-- Name: auth_permission auth_permission_content_type_id_codename_01ab375a_uniq; Type: CONSTRAINT; Schema: public; Owner: postgres
--

ALTER TABLE ONLY public.auth_permission
    ADD CONSTRAINT auth_permission_content_type_id_codename_01ab375a_uniq UNIQUE (content_type_id, codename);


--
-- Name: auth_permission auth_permission_pkey; Type: CONSTRAINT; Schema: public; Owner: postgres
--

ALTER TABLE ONLY public.auth_permission
    ADD CONSTRAINT auth_permission_pkey PRIMARY KEY (id);


--
-- Name: django_admin_log django_admin_log_pkey; Type: CONSTRAINT; Schema: public; Owner: postgres
--

ALTER TABLE ONLY public.django_admin_log
    ADD CONSTRAINT django_admin_log_pkey PRIMARY KEY (id);


--
-- Name: django_content_type django_content_type_app_label_model_76bd3d3b_uniq; Type: CONSTRAINT; Schema: public; Owner: postgres
--

ALTER TABLE ONLY public.django_content_type
    ADD CONSTRAINT django_content_type_app_label_model_76bd3d3b_uniq UNIQUE (app_label, model);


--
-- Name: django_content_type django_content_type_pkey; Type: CONSTRAINT; Schema: public; Owner: postgres
--

ALTER TABLE ONLY public.django_content_type
    ADD CONSTRAINT django_content_type_pkey PRIMARY KEY (id);


--
-- Name: django_migrations django_migrations_pkey; Type: CONSTRAINT; Schema: public; Owner: postgres
--

ALTER TABLE ONLY public.django_migrations
    ADD CONSTRAINT django_migrations_pkey PRIMARY KEY (id);


--
-- Name: django_session django_session_pkey; Type: CONSTRAINT; Schema: public; Owner: postgres
--

ALTER TABLE ONLY public.django_session
    ADD CONSTRAINT django_session_pkey PRIMARY KEY (session_key);


--
-- Name: jobs_application jobs_application_job_id_candidate_id_7274a7ca_uniq; Type: CONSTRAINT; Schema: public; Owner: postgres
--

ALTER TABLE ONLY public.jobs_application
    ADD CONSTRAINT jobs_application_job_id_candidate_id_7274a7ca_uniq UNIQUE (job_id, candidate_id);


--
-- Name: jobs_application jobs_application_pkey; Type: CONSTRAINT; Schema: public; Owner: postgres
--

ALTER TABLE ONLY public.jobs_application
    ADD CONSTRAINT jobs_application_pkey PRIMARY KEY (id);


--
-- Name: jobs_job jobs_job_pkey; Type: CONSTRAINT; Schema: public; Owner: postgres
--

ALTER TABLE ONLY public.jobs_job
    ADD CONSTRAINT jobs_job_pkey PRIMARY KEY (id);


--
-- Name: jobs_jobalert jobs_jobalert_pkey; Type: CONSTRAINT; Schema: public; Owner: postgres
--

ALTER TABLE ONLY public.jobs_jobalert
    ADD CONSTRAINT jobs_jobalert_pkey PRIMARY KEY (id);


--
-- Name: jobs_savedjob jobs_savedjob_candidate_id_job_id_93e0f318_uniq; Type: CONSTRAINT; Schema: public; Owner: postgres
--

ALTER TABLE ONLY public.jobs_savedjob
    ADD CONSTRAINT jobs_savedjob_candidate_id_job_id_93e0f318_uniq UNIQUE (candidate_id, job_id);


--
-- Name: jobs_savedjob jobs_savedjob_pkey; Type: CONSTRAINT; Schema: public; Owner: postgres
--

ALTER TABLE ONLY public.jobs_savedjob
    ADD CONSTRAINT jobs_savedjob_pkey PRIMARY KEY (id);


--
-- Name: jobs_statushistory jobs_statushistory_pkey; Type: CONSTRAINT; Schema: public; Owner: postgres
--

ALTER TABLE ONLY public.jobs_statushistory
    ADD CONSTRAINT jobs_statushistory_pkey PRIMARY KEY (id);


--
-- Name: reviews_companyreview reviews_companyreview_company_id_reviewer_id_19039f34_uniq; Type: CONSTRAINT; Schema: public; Owner: postgres
--

ALTER TABLE ONLY public.reviews_companyreview
    ADD CONSTRAINT reviews_companyreview_company_id_reviewer_id_19039f34_uniq UNIQUE (company_id, reviewer_id);


--
-- Name: reviews_companyreview reviews_companyreview_pkey; Type: CONSTRAINT; Schema: public; Owner: postgres
--

ALTER TABLE ONLY public.reviews_companyreview
    ADD CONSTRAINT reviews_companyreview_pkey PRIMARY KEY (id);


--
-- Name: accounts_user_groups_group_id_bd11a704; Type: INDEX; Schema: public; Owner: postgres
--

CREATE INDEX accounts_user_groups_group_id_bd11a704 ON public.accounts_user_groups USING btree (group_id);


--
-- Name: accounts_user_groups_user_id_52b62117; Type: INDEX; Schema: public; Owner: postgres
--

CREATE INDEX accounts_user_groups_user_id_52b62117 ON public.accounts_user_groups USING btree (user_id);


--
-- Name: accounts_user_user_permissions_permission_id_113bb443; Type: INDEX; Schema: public; Owner: postgres
--

CREATE INDEX accounts_user_user_permissions_permission_id_113bb443 ON public.accounts_user_user_permissions USING btree (permission_id);


--
-- Name: accounts_user_user_permissions_user_id_e4f0a161; Type: INDEX; Schema: public; Owner: postgres
--

CREATE INDEX accounts_user_user_permissions_user_id_e4f0a161 ON public.accounts_user_user_permissions USING btree (user_id);


--
-- Name: accounts_user_username_6088629e_like; Type: INDEX; Schema: public; Owner: postgres
--

CREATE INDEX accounts_user_username_6088629e_like ON public.accounts_user USING btree (username varchar_pattern_ops);


--
-- Name: auth_group_name_a6ea08ec_like; Type: INDEX; Schema: public; Owner: postgres
--

CREATE INDEX auth_group_name_a6ea08ec_like ON public.auth_group USING btree (name varchar_pattern_ops);


--
-- Name: auth_group_permissions_group_id_b120cbf9; Type: INDEX; Schema: public; Owner: postgres
--

CREATE INDEX auth_group_permissions_group_id_b120cbf9 ON public.auth_group_permissions USING btree (group_id);


--
-- Name: auth_group_permissions_permission_id_84c5c92e; Type: INDEX; Schema: public; Owner: postgres
--

CREATE INDEX auth_group_permissions_permission_id_84c5c92e ON public.auth_group_permissions USING btree (permission_id);


--
-- Name: auth_permission_content_type_id_2f476e4b; Type: INDEX; Schema: public; Owner: postgres
--

CREATE INDEX auth_permission_content_type_id_2f476e4b ON public.auth_permission USING btree (content_type_id);


--
-- Name: django_admin_log_content_type_id_c4bce8eb; Type: INDEX; Schema: public; Owner: postgres
--

CREATE INDEX django_admin_log_content_type_id_c4bce8eb ON public.django_admin_log USING btree (content_type_id);


--
-- Name: django_admin_log_user_id_c564eba6; Type: INDEX; Schema: public; Owner: postgres
--

CREATE INDEX django_admin_log_user_id_c564eba6 ON public.django_admin_log USING btree (user_id);


--
-- Name: django_session_expire_date_a5c62663; Type: INDEX; Schema: public; Owner: postgres
--

CREATE INDEX django_session_expire_date_a5c62663 ON public.django_session USING btree (expire_date);


--
-- Name: django_session_session_key_c0390e0f_like; Type: INDEX; Schema: public; Owner: postgres
--

CREATE INDEX django_session_session_key_c0390e0f_like ON public.django_session USING btree (session_key varchar_pattern_ops);


--
-- Name: jobs_applic_applied_286417_idx; Type: INDEX; Schema: public; Owner: postgres
--

CREATE INDEX jobs_applic_applied_286417_idx ON public.jobs_application USING btree (applied_at DESC);


--
-- Name: jobs_applic_candida_3896a7_idx; Type: INDEX; Schema: public; Owner: postgres
--

CREATE INDEX jobs_applic_candida_3896a7_idx ON public.jobs_application USING btree (candidate_id, applied_at DESC);


--
-- Name: jobs_applic_job_id_a25382_idx; Type: INDEX; Schema: public; Owner: postgres
--

CREATE INDEX jobs_applic_job_id_a25382_idx ON public.jobs_application USING btree (job_id, status);


--
-- Name: jobs_applic_status_f83260_idx; Type: INDEX; Schema: public; Owner: postgres
--

CREATE INDEX jobs_applic_status_f83260_idx ON public.jobs_application USING btree (status);


--
-- Name: jobs_application_candidate_id_4a66020b; Type: INDEX; Schema: public; Owner: postgres
--

CREATE INDEX jobs_application_candidate_id_4a66020b ON public.jobs_application USING btree (candidate_id);


--
-- Name: jobs_application_job_id_7bb7e966; Type: INDEX; Schema: public; Owner: postgres
--

CREATE INDEX jobs_application_job_id_7bb7e966 ON public.jobs_application USING btree (job_id);


--
-- Name: jobs_job_created_77460a_idx; Type: INDEX; Schema: public; Owner: postgres
--

CREATE INDEX jobs_job_created_77460a_idx ON public.jobs_job USING btree (created_at DESC);


--
-- Name: jobs_job_employe_7bd190_idx; Type: INDEX; Schema: public; Owner: postgres
--

CREATE INDEX jobs_job_employe_7bd190_idx ON public.jobs_job USING btree (employer_id, is_active);


--
-- Name: jobs_job_employer_id_b5c64567; Type: INDEX; Schema: public; Owner: postgres
--

CREATE INDEX jobs_job_employer_id_b5c64567 ON public.jobs_job USING btree (employer_id);


--
-- Name: jobs_job_is_acti_f830d8_idx; Type: INDEX; Schema: public; Owner: postgres
--

CREATE INDEX jobs_job_is_acti_f830d8_idx ON public.jobs_job USING btree (is_active, is_deleted);


--
-- Name: jobs_job_locatio_6595cc_idx; Type: INDEX; Schema: public; Owner: postgres
--

CREATE INDEX jobs_job_locatio_6595cc_idx ON public.jobs_job USING btree (location, is_remote);


--
-- Name: jobs_job_salary__2892b4_idx; Type: INDEX; Schema: public; Owner: postgres
--

CREATE INDEX jobs_job_salary__2892b4_idx ON public.jobs_job USING btree (salary_min, salary_max);


--
-- Name: jobs_job_title_0e1e41_idx; Type: INDEX; Schema: public; Owner: postgres
--

CREATE INDEX jobs_job_title_0e1e41_idx ON public.jobs_job USING btree (title);


--
-- Name: jobs_jobalert_candidate_id_8ac7c92d; Type: INDEX; Schema: public; Owner: postgres
--

CREATE INDEX jobs_jobalert_candidate_id_8ac7c92d ON public.jobs_jobalert USING btree (candidate_id);


--
-- Name: jobs_savedjob_candidate_id_e72ab097; Type: INDEX; Schema: public; Owner: postgres
--

CREATE INDEX jobs_savedjob_candidate_id_e72ab097 ON public.jobs_savedjob USING btree (candidate_id);


--
-- Name: jobs_savedjob_job_id_e069c6bf; Type: INDEX; Schema: public; Owner: postgres
--

CREATE INDEX jobs_savedjob_job_id_e069c6bf ON public.jobs_savedjob USING btree (job_id);


--
-- Name: jobs_status_applica_ace932_idx; Type: INDEX; Schema: public; Owner: postgres
--

CREATE INDEX jobs_status_applica_ace932_idx ON public.jobs_statushistory USING btree (application_id, changed_at DESC);


--
-- Name: jobs_status_changed_643c03_idx; Type: INDEX; Schema: public; Owner: postgres
--

CREATE INDEX jobs_status_changed_643c03_idx ON public.jobs_statushistory USING btree (changed_at DESC);


--
-- Name: jobs_statushistory_application_id_ff65a4cb; Type: INDEX; Schema: public; Owner: postgres
--

CREATE INDEX jobs_statushistory_application_id_ff65a4cb ON public.jobs_statushistory USING btree (application_id);


--
-- Name: jobs_statushistory_changed_by_id_0e9b24f9; Type: INDEX; Schema: public; Owner: postgres
--

CREATE INDEX jobs_statushistory_changed_by_id_0e9b24f9 ON public.jobs_statushistory USING btree (changed_by_id);


--
-- Name: reviews_companyreview_company_id_14ba5db0; Type: INDEX; Schema: public; Owner: postgres
--

CREATE INDEX reviews_companyreview_company_id_14ba5db0 ON public.reviews_companyreview USING btree (company_id);


--
-- Name: reviews_companyreview_reviewer_id_178c66fb; Type: INDEX; Schema: public; Owner: postgres
--

CREATE INDEX reviews_companyreview_reviewer_id_178c66fb ON public.reviews_companyreview USING btree (reviewer_id);


--
-- Name: accounts_company accounts_company_employer_id_c9176aa5_fk_accounts_user_id; Type: FK CONSTRAINT; Schema: public; Owner: postgres
--

ALTER TABLE ONLY public.accounts_company
    ADD CONSTRAINT accounts_company_employer_id_c9176aa5_fk_accounts_user_id FOREIGN KEY (employer_id) REFERENCES public.accounts_user(id) DEFERRABLE INITIALLY DEFERRED;


--
-- Name: accounts_user_groups accounts_user_groups_group_id_bd11a704_fk_auth_group_id; Type: FK CONSTRAINT; Schema: public; Owner: postgres
--

ALTER TABLE ONLY public.accounts_user_groups
    ADD CONSTRAINT accounts_user_groups_group_id_bd11a704_fk_auth_group_id FOREIGN KEY (group_id) REFERENCES public.auth_group(id) DEFERRABLE INITIALLY DEFERRED;


--
-- Name: accounts_user_groups accounts_user_groups_user_id_52b62117_fk_accounts_user_id; Type: FK CONSTRAINT; Schema: public; Owner: postgres
--

ALTER TABLE ONLY public.accounts_user_groups
    ADD CONSTRAINT accounts_user_groups_user_id_52b62117_fk_accounts_user_id FOREIGN KEY (user_id) REFERENCES public.accounts_user(id) DEFERRABLE INITIALLY DEFERRED;


--
-- Name: accounts_user_user_permissions accounts_user_user_p_permission_id_113bb443_fk_auth_perm; Type: FK CONSTRAINT; Schema: public; Owner: postgres
--

ALTER TABLE ONLY public.accounts_user_user_permissions
    ADD CONSTRAINT accounts_user_user_p_permission_id_113bb443_fk_auth_perm FOREIGN KEY (permission_id) REFERENCES public.auth_permission(id) DEFERRABLE INITIALLY DEFERRED;


--
-- Name: accounts_user_user_permissions accounts_user_user_p_user_id_e4f0a161_fk_accounts_; Type: FK CONSTRAINT; Schema: public; Owner: postgres
--

ALTER TABLE ONLY public.accounts_user_user_permissions
    ADD CONSTRAINT accounts_user_user_p_user_id_e4f0a161_fk_accounts_ FOREIGN KEY (user_id) REFERENCES public.accounts_user(id) DEFERRABLE INITIALLY DEFERRED;


--
-- Name: auth_group_permissions auth_group_permissio_permission_id_84c5c92e_fk_auth_perm; Type: FK CONSTRAINT; Schema: public; Owner: postgres
--

ALTER TABLE ONLY public.auth_group_permissions
    ADD CONSTRAINT auth_group_permissio_permission_id_84c5c92e_fk_auth_perm FOREIGN KEY (permission_id) REFERENCES public.auth_permission(id) DEFERRABLE INITIALLY DEFERRED;


--
-- Name: auth_group_permissions auth_group_permissions_group_id_b120cbf9_fk_auth_group_id; Type: FK CONSTRAINT; Schema: public; Owner: postgres
--

ALTER TABLE ONLY public.auth_group_permissions
    ADD CONSTRAINT auth_group_permissions_group_id_b120cbf9_fk_auth_group_id FOREIGN KEY (group_id) REFERENCES public.auth_group(id) DEFERRABLE INITIALLY DEFERRED;


--
-- Name: auth_permission auth_permission_content_type_id_2f476e4b_fk_django_co; Type: FK CONSTRAINT; Schema: public; Owner: postgres
--

ALTER TABLE ONLY public.auth_permission
    ADD CONSTRAINT auth_permission_content_type_id_2f476e4b_fk_django_co FOREIGN KEY (content_type_id) REFERENCES public.django_content_type(id) DEFERRABLE INITIALLY DEFERRED;


--
-- Name: django_admin_log django_admin_log_content_type_id_c4bce8eb_fk_django_co; Type: FK CONSTRAINT; Schema: public; Owner: postgres
--

ALTER TABLE ONLY public.django_admin_log
    ADD CONSTRAINT django_admin_log_content_type_id_c4bce8eb_fk_django_co FOREIGN KEY (content_type_id) REFERENCES public.django_content_type(id) DEFERRABLE INITIALLY DEFERRED;


--
-- Name: django_admin_log django_admin_log_user_id_c564eba6_fk_accounts_user_id; Type: FK CONSTRAINT; Schema: public; Owner: postgres
--

ALTER TABLE ONLY public.django_admin_log
    ADD CONSTRAINT django_admin_log_user_id_c564eba6_fk_accounts_user_id FOREIGN KEY (user_id) REFERENCES public.accounts_user(id) DEFERRABLE INITIALLY DEFERRED;


--
-- Name: jobs_application jobs_application_candidate_id_4a66020b_fk_accounts_user_id; Type: FK CONSTRAINT; Schema: public; Owner: postgres
--

ALTER TABLE ONLY public.jobs_application
    ADD CONSTRAINT jobs_application_candidate_id_4a66020b_fk_accounts_user_id FOREIGN KEY (candidate_id) REFERENCES public.accounts_user(id) DEFERRABLE INITIALLY DEFERRED;


--
-- Name: jobs_application jobs_application_job_id_7bb7e966_fk_jobs_job_id; Type: FK CONSTRAINT; Schema: public; Owner: postgres
--

ALTER TABLE ONLY public.jobs_application
    ADD CONSTRAINT jobs_application_job_id_7bb7e966_fk_jobs_job_id FOREIGN KEY (job_id) REFERENCES public.jobs_job(id) DEFERRABLE INITIALLY DEFERRED;


--
-- Name: jobs_job jobs_job_employer_id_b5c64567_fk_accounts_user_id; Type: FK CONSTRAINT; Schema: public; Owner: postgres
--

ALTER TABLE ONLY public.jobs_job
    ADD CONSTRAINT jobs_job_employer_id_b5c64567_fk_accounts_user_id FOREIGN KEY (employer_id) REFERENCES public.accounts_user(id) DEFERRABLE INITIALLY DEFERRED;


--
-- Name: jobs_jobalert jobs_jobalert_candidate_id_8ac7c92d_fk_accounts_user_id; Type: FK CONSTRAINT; Schema: public; Owner: postgres
--

ALTER TABLE ONLY public.jobs_jobalert
    ADD CONSTRAINT jobs_jobalert_candidate_id_8ac7c92d_fk_accounts_user_id FOREIGN KEY (candidate_id) REFERENCES public.accounts_user(id) DEFERRABLE INITIALLY DEFERRED;


--
-- Name: jobs_savedjob jobs_savedjob_candidate_id_e72ab097_fk_accounts_user_id; Type: FK CONSTRAINT; Schema: public; Owner: postgres
--

ALTER TABLE ONLY public.jobs_savedjob
    ADD CONSTRAINT jobs_savedjob_candidate_id_e72ab097_fk_accounts_user_id FOREIGN KEY (candidate_id) REFERENCES public.accounts_user(id) DEFERRABLE INITIALLY DEFERRED;


--
-- Name: jobs_savedjob jobs_savedjob_job_id_e069c6bf_fk_jobs_job_id; Type: FK CONSTRAINT; Schema: public; Owner: postgres
--

ALTER TABLE ONLY public.jobs_savedjob
    ADD CONSTRAINT jobs_savedjob_job_id_e069c6bf_fk_jobs_job_id FOREIGN KEY (job_id) REFERENCES public.jobs_job(id) DEFERRABLE INITIALLY DEFERRED;


--
-- Name: jobs_statushistory jobs_statushistory_application_id_ff65a4cb_fk_jobs_appl; Type: FK CONSTRAINT; Schema: public; Owner: postgres
--

ALTER TABLE ONLY public.jobs_statushistory
    ADD CONSTRAINT jobs_statushistory_application_id_ff65a4cb_fk_jobs_appl FOREIGN KEY (application_id) REFERENCES public.jobs_application(id) DEFERRABLE INITIALLY DEFERRED;


--
-- Name: jobs_statushistory jobs_statushistory_changed_by_id_0e9b24f9_fk_accounts_user_id; Type: FK CONSTRAINT; Schema: public; Owner: postgres
--

ALTER TABLE ONLY public.jobs_statushistory
    ADD CONSTRAINT jobs_statushistory_changed_by_id_0e9b24f9_fk_accounts_user_id FOREIGN KEY (changed_by_id) REFERENCES public.accounts_user(id) DEFERRABLE INITIALLY DEFERRED;


--
-- Name: reviews_companyreview reviews_companyreview_company_id_14ba5db0_fk_accounts_user_id; Type: FK CONSTRAINT; Schema: public; Owner: postgres
--

ALTER TABLE ONLY public.reviews_companyreview
    ADD CONSTRAINT reviews_companyreview_company_id_14ba5db0_fk_accounts_user_id FOREIGN KEY (company_id) REFERENCES public.accounts_user(id) DEFERRABLE INITIALLY DEFERRED;


--
-- Name: reviews_companyreview reviews_companyreview_reviewer_id_178c66fb_fk_accounts_user_id; Type: FK CONSTRAINT; Schema: public; Owner: postgres
--

ALTER TABLE ONLY public.reviews_companyreview
    ADD CONSTRAINT reviews_companyreview_reviewer_id_178c66fb_fk_accounts_user_id FOREIGN KEY (reviewer_id) REFERENCES public.accounts_user(id) DEFERRABLE INITIALLY DEFERRED;


--
-- PostgreSQL database dump complete
--

\unrestrict Ntc5cbOjMCSyqhBz8Vi30XktzoJcN33o2jfJKAfJyoC1zPFgw05ObhqRjtBeFBg

